{"cameraMode":{"drawMode":0,"name":"Shaded","section":"Shading Mode"},"sceneLighting":true,"audioPlay":false,"sceneViewState":{"m_AlwaysRefresh":false,"showFog":true,"showSkybox":true,"showFlares":true,"showImageEffects":true,"showParticleSystems":true,"showVisualEffectGraphs":true,"m_FxEnabled":false},"in2DMode":false,"pivot":{"x":1.3752964735031129,"y":0.01855933666229248,"z":2.310319423675537},"rotation":{"x":0.11303400993347168,"y":0.11153397709131241,"z":-0.012770351953804493,"w":0.9872283935546875},"size":1.789780855178833,"orthographic":false}