{"cameraMode":{"drawMode":0,"name":"Shaded","section":"Shading Mode"},"sceneLighting":false,"audioPlay":false,"sceneViewState":{"m_AlwaysRefresh":false,"showFog":true,"showSkybox":false,"showFlares":true,"showImageEffects":true,"showParticleSystems":true,"showVisualEffectGraphs":true,"m_FxEnabled":false},"in2DMode":false,"pivot":{"x":0.12409073859453201,"y":-3.2478785514831545,"z":-16.435834884643556},"rotation":{"x":-0.09734556078910828,"y":-0.0000012495748933361029,"z":0.000007862643542466685,"w":0.9952556490898132},"size":606.2177734375,"orthographic":false}